"Cancer_Type"	"Gene"	"Refseq_protein"	"Peptide"	"snp_id"	"Variant_Classification"	"Score"	"Pep"	"Size_Ref"	"Size_Mut"	"Pos_Mut"	"Rate_Size_Prot"	"Rate_Pos_Mut"	"Tumor_Sample_Barcode"	"PTC"
"CrCa"	"ACCN3"	"NP_064718"	"GGMGNGIDIMIDVQQ"	"rs750380438"	"SNP"	117.27	"0.008277"	543	218	NA	40.15	NA	"AA-3666"	1
"CrCa"	"ACTA1"	"NP_001091"	"YPIEHGIITN"	"rs886039302"	"SNP"	140.11	"0.02723"	377	80	NA	21.22	NA	"AA-3518;AG-3574"	1
"CrCa"	"ACTG1"	"NP_001605"	"CPEAIFQPSFIGMES"	"rs782135081"	"INDEL"	123.29	"0.013509"	375	271	NA	72.27	NA	"AA-3526;AA-3526"	1
"CrCa"	"BDH1"	"NP_976060"	"QVAEVNI"	"rs965817612"	"SNP"	89.369	"0.053438"	343	169	NA	49.27	NA	"AA-3666"	1
"CrCa"	"DES"	"NP_001918"	"INIPIQTYSAINF"	"rs150974575"	"SNP"	245.5	"1.4409e-52"	470	428	NA	91.06	NA	"AA-A02Y;AA-A00K-2;AG-3584;AA-A02Y;AA-A00K-2;AG-A01Y;AA-A00K-2;AA-3534;AF-2692;AA-3818;AG-A01J;A6-3808;A6-3808"	1
"CrCa"	"FGA"	"NP_068657"	"NPSSAGSWNSGSSGPGSTGN"	"rs776817952"	"SNP"	303.76	"3.3788e-248"	644	307	NA	47.67	NA	"AG-A002;AA-A01P;AA-A00N-2;AA-3558"	1
"CrCa"	"HBB"	"NP_000509"	"VVAGVANAIAH"	"rs33964352"	"SNP"	247.75	"1.2942e-47"	147	144	NA	97.96	NA	"AA-A01X;AG-A02N;AA-A00N-2;AA-A00E;AA-A010;AG-A01Y;AG-A020;AG-A00C;AG-A00H-2;AG-A01N;AA-3525;AA-A01R;AA-3864;AA-A00K-2;AA-3518;AF-2691;A6-3807;AG-A016;AA-3710;AG-A026;AA-A03J;AA-A01Z;A6-3808;AA-3989;AG-A01W;AG-3593;AG-A00H;AA-A01I;AA-3531;AA-A02J;AA-3561;AG-A00Y;AA-A029;AA-A02H;AA-A01P;AA-A017;AA-A017;AA-A00N;AA-A01C;AG-A002;AA-3552;AA-A01T;AA-3986;AA-A029;AA-A01V;AA-A022;AA-A024;AA-3561;AF-3913;AA-A00N;AG-3594;AF-2692;AG-A01N;AA-3526;AA-A004;AG-A032;AG-A015;AA-A00J;AA-3554;AA-3715;AG-A02N;AG-A020;AA-A00J;AA-3531;AA-A01D;AA-A00R-2;AA-A024;AA-3848;AA-3666;AG-A00Y;AG-A00H-2;AA-3672;AA-3558;AA-A00O;AA-3664;AA-A01R;AA-A01F;AG-A02X;AG-3594;AA-A02Y;AA-A00F;AF-3400;AA-A01T;AA-A01I;AA-A03J;AG-3584;AA-3989;AA-3529;AG-A01J;AA-A01D;AG-3584;AA-3666;AA-3818;AA-A01V;AA-A00U;AA-A00A-2;AA-A03F;AG-A02N;AF-3913;AA-A00O;AA-3684;AA-A00E;AG-A011;A6-3808;AA-3558;AA-A00A;AF-3400;AG-A00H;AF-2691;AA-A01X;AA-A010;AA-A00N-2;AA-A03F;AA-3848;AG-A036;AA-A02H;AF-2691;AA-3526;AG-A011;AG-A032;AG-A026;AA-3554;AA-A00J;AG-A014;AA-A01K;AG-3580;AA-A01S;AA-3715;AG-3593;AG-A02X;AA-A01Z;AA-A00R;AF-3400;AG-A014;AG-A01W"	1
"CrCa"	"HBD"	"NP_000510"	"VIGAFSDGIAHIDNI"	"rs281864561"	"SNP"	139.64	"0.0023114"	147	82	NA	55.78	NA	"AA-A00N-2"	1
"CrCa"	"HIST1H3J"	"NP_003520"	"FQSSAVMAIQEACEAY"	"rs747516471"	"SNP"	157.47	"0.00011924"	136	100	NA	73.53	NA	"AA-A022"	1
"CrCa"	"LPA"	"NP_005568"	"TCQAWSSMTPH"	"rs769482476"	"SNP"	153.54	"0.0068341"	2040	58	NA	2.84	NA	"AA-A00N"	1
"CrCa"	"MYLK"	"NP_444256"	"SVTASIG"	"rs746344193"	"SNP"	87.582	"0.05435"	1794	666	NA	37.12	NA	"AA-3684;AA-A004;A6-3808"	1
"CrCa"	"POLD2"	"NP_001243808"	"MIDEIIIQISASVPVD"	"rs765679311"	"FRAMESHIFT"	117.2	"0.039723"	469	293	NA	62.47	NA	"AA-3672"	1
"CrCa"	"PRTN3"	"NP_002768"	"TQEPTQQHF"	"rs763921043"	"SNP"	145.9	"0.026268"	256	100	NA	39.06	NA	"AG-A00H;AG-A01N"	1
"CrCa"	"PS1TP5BP1"	"NP_001092"	"SYEIPDGQVITIGN"	"rs11546925"	"SNP"	225.33	"2.0946e-21"	375	252	NA	67.2	NA	"AG-A032;AG-A002;AA-A00K;AG-A026;AA-A01D;AG-A01Y;AA-3525;AA-A00K-2"	1
"CrCa"	"SATL1"	"NP_001012998"	"QSSTSQAGTNQSGISQPVMW"	"rs778971184"	"SNP"	116.61	"0.0011759"	632	382	NA	60.44	NA	"AA-A00N-2;AA-A01V;AA-A00J;AA-A00N-2;AG-A01W;AG-A002;AA-3986;AA-A00R;AA-A024;AA-A00K-2;AA-A01V;AG-A008;AA-A01R;AA-3518;AA-3818;AA-3710;AA-A01D;AA-3525;AA-A02E;AA-3558;AF-3913"	1
"CrCa"	"SIGLEC1"	"NP_075556"	"EGQIVNITCIV"	"rs769456977"	"SNP"	129.88	"0.026327"	1709	1109	NA	64.89	NA	"AA-3695;AA-A017;AA-A02E;AA-3525;AA-3552;AA-A01P"	1
"CrCa"	"SLC22A24"	"NP_775857"	"SMVQSIFMAGSII"	"rs773562476"	"SNP"	101.72	"0.056136"	322	158	NA	49.07	NA	"AG-3580"	1
"CrCa"	"SRSF7"	"NP_001182375"	"NPPGFAFVEF"	"rs11547149"	"SNP"	134.25	"0.041464"	226	54	NA	23.89	NA	"AA-3986"	1
"OvCa"	"ACTG1"	"NP_001605"	"CPEAIFQPSFIGMES"	"rs782135081"	"INDEL"	103.67	"0.0034981"	375	271	NA	72.27	NA	"CL-OVCA433;CL-IOSE7576;CL-ME180C13;CL-SNU119;CL-CAOV3;CL-TOV112DR;CL-OVISE;CL-TOV112D;CL-IGROV1CP;CL-TOV112DR;CL-TYKNU;CL-IGROV1CP;TU-LOV;CL-OVCAR3"	1
"OvCa"	"ATP2B1"	"NP_001673"	"SATSSSPGSPIHSIET"	"rs933995617"	"SNP"	131.35	"9.89E-05"	1220	1218	NA	99.84	NA	"CL-JHOS2;CL-OVSAHO;CL-OVCAR3;CL-OVSAHO;CL-OVSAHO;CL-OVCAR3"	1
"OvCa"	"CALCOCO2"	"NP_005822"	"ADDICDHTIEQQQM"	"rs773775322"	"SNP"	95.273	"0.0087968"	446	415	NA	93.05	NA	"CL-IGROV1;CL-IGROV1CP"	1
"OvCa"	"CTGF"	"NP_001892"	"TCACHYNCPGDNDIFESIY"	"rs1052086665"	"SNP"	72.359	"0.0038456"	349	340	NA	97.42	NA	"CL-KURAMOCHI;CL-KURAMOCHI"	1
"OvCa"	"EL52"	"NP_005339"	"HNDDEQYAWES"	"rs774838073"	"SNP"	137.01	"0.00038333"	732	164	NA	22.4	NA	"CL-OVISE;CL-JHOS2;CL-IGROV1;CL-ME180;CL-59M;CL-JHOS4;CL-IOSE397;CL-TYKNUCP;CL-TOV112DR;CL-CAOV3;CL-OVKATE;CL-59M;CL-TYKNU;PC-FTEC"	1
"OvCa"	"ENO1"	"NP_001419"	"SGETEDTFIADIVVGI"	"rs962068072"	"SNP"	137.84	"2.71E-05"	434	388	NA	89.4	NA	"CL-JHOS2;CL-OVCAR3;CL-OVCAR3"	1
"OvCa"	"GSN"	"NP_937895"	"VPFDAATIHTSTAMAA"	"rs774557384"	"SNP"	136.21	"2.75E-05"	731	384	NA	52.53	NA	"TU-ROV;TU-ROV;TU-LOV;TU-LOV"	1
"OvCa"	"HBA2"	"NP_000508"	"IISHCIIVTIAAHIPA"	"rs33987053"	"SNP"	113.76	"0.00027536"	142	116	NA	81.69	NA	"TU-ROV;TU-LOV;TU-LOV;TU-LOV;TU-ROV"	1
"OvCa"	"HIST2H2AC"	"NP_003508"	"VTIAQGGVIPNIQAVIIP"	"rs782185819"	"SNP"	101.04	"1.67E-02"	129	118	NA	91.47	NA	"CL-OVCAR3;CL-CAOV3;CL-JHOS2;CL-IOSE397;CL-A2780;CL-A2780;CL-PEO1;CL-COV318;CL-COV318;CL-PEO1"	1
"OvCa"	"H2AC7"	"NP_066409"	"VGAGAPVYIAAVIEYITA"	"rs377604459"	"SNP"	83.474	"0.00046615"	130	61	NA	46.92	NA	"CL-59M"	1
"OvCa"	"ACTB"	"NP_001092"	"SYEIPDGQVITIGN"	"rs11546925"	"SNP"	69.345	"0.056786"	375	252	NA	67.2	NA	"CL-IOSE7576;CL-CAOV3"	1
"OvCa"	"RTN3"	"NP_001252520"	"ENTQCQIEPAFQAFF"	"rs769524474"	"SNP"	95.659	"0.003624"	214	192	NA	89.72	NA	"CL-IGROV1CP;CL-IGROV1CP"	1
"CrCa"	"AP3B1"	"NP_003655"	"IIITYHHMIGR"	"rs774423407"	"FRAMESHIFT"	145.9	"0.011718"	1094	192	157	17.55	14.35	"AA-3986;AA-A029;AA-A02Y;AA-3529;AA-A02E;AG-A00Y"	1
"CrCa"	"CDH17"	"NP_004054"	"IGVDTDPHTNTGYVIIK"	"rs775510940"	"FRAMESHIFT"	139.58	"0.0002171"	832	538	515	64.66	61.9	"AA-A02R"	1
"CrCa"	"DHFR2"	"NP_789785"	"IMQDFESDTFFFR"	"rs559621227"	"FRAMESHIFT"	139.32	"0.006057"	187	152	150	81.28	80.21	"AF-3913;AA-A02R;AA-3529;AG-A00Y"	1
"CrCa"	"HEL-S-7"	"NP_001145"	"GIGTDEESIITVDIPK"	"rs758001979"	"FRAMESHIFT"	129.77	"0.002057"	320	45	41	14.06	12.81	"AA-A01I;AA-A01V;AG-A01W;AA-3986"	1
"CrCa"	"HLA-A"	"NP_872605"	"CAAITVNSPVTQNAAA"	"rs782709538"	"FRAMESHIFT"	104.41	"0.026441"	336	166	152	49.4	45.24	"AG-A01L"	1
"CrCa"	"HTR2A"	"NP_001159419"	"IASSASSIR"	"rs758773486"	"FRAMESHIFT"	136.57	"0.034865"	387	249	197	64.34	50.9	"AA-A017"	1
"CrCa"	"INTS1"	"NP_001073922"	"MIASQGISR"	"rs775050106"	"FRAMESHIFT"	122.33	"0.05567"	2190	1495	1488	68.26	67.95	"AA-A01C"	1
"CrCa"	"LDHA"	"NP_001158887"	"SADTIWGIQK"	"rs751851558"	"FRAMESHIFT"	191.4	"0.0071409"	274	242	225	88.32	82.12	"AG-A026;AA-3710;AG-A015;AA-3818;A6-3807;AG-A02N;AG-A032;AA-A00R;AF-3913;AA-3684;AA-3526;AA-A02H;AG-3574;AA-3561;A6-3810;AA-A01R;AA-A00E;AG-A00H-2"	1
"CrCa"	"MTCH1"	"NP_055156"	"PAGWMAGQGAWGIGTTPR"	"rs35538959"	"FRAMESHIFT"	116.79	"0.0051182"	372	91	11	24.46	2.96	"AA-A01I;AG-A01W;AA-A00J;AA-3529;AA-3525;AG-3593;AA-3848"	1
"CrCa"	"PITRM1"	"NP_001229238"	"SQGISESPIGVFGCHIFPMFTR"	"rs762013999"	"FRAMESHIFT"	77.871	"0.02359"	939	153	114	16.29	12.14	"AA-A01X;AA-3710;AG-A01J;AG-A015;AA-3710;AG-A00C"	1
"CrCa"	"POLD2"	"NP_001243808"	"MIDEIIIQISASVPVD"	"rs765679311"	"FRAMESHIFT"	117.2	"0.039723"	469	293	294	62.47	62.69	"AA-3672"	1
"CrCa"	"RAD54L"	"NP_003570"	"GSVGIVM"	"rs774998043"	"FRAMESHIFT"	50.31	"0.054294"	747	294	294	39.36	39.36	"AF-3913"	1
"CrCa"	"SLC25A4"	"NP_001142"	"ASISIEIPTSESMIIPR"	"rs863224209"	"FRAMESHIFT"	104.95	"0.023632"	298	211	175	70.81	58.72	"AG-A002"	1
"CrCa"	"UbC"	"NP_919278"	"QIYEIYMVAQCP"	"rs773843180"	"FRAMESHIFT"	174.57	"1.2373e-05"	1925	1330	1325	69.09	68.83	"AG-A01J;AG-A02N;AG-A01J;AA-A01P;AA-3531;AG-3593;A6-3810;AA-3710;AG-A01Y;AA-A01P;AA-A01I;AA-A004;AG-A036;AA-3864;AA-3986;AG-A036;AA-A00R-2;AA-A00N;AA-A00N-2;AA-3531;AA-3672;AA-A00K;AA-3672;AA-3989;AA-3558;AG-A032;AA-A01V;AG-A00H;AG-A002;AA-A00F;AG-A00Y;AA-A00R-2;AA-3672;AG-A002;AG-A01Y"	1
"OvCa"	"ASRGL1"	"NP_079356"	"VGDSPCIGAGGYADNDIGAVSTTGHGESIIR"	"rs767375744"	"FRAMESHIFT"	138.08	"1.53E-86"	308	227	227	73.7	73.7	"PC-FTEC"	1
"OvCa"	"BRCA1"	"NP_009225"	"DTEDVPWITINK"	"rs80357776"	"FRAMESHIFT"	91.961	"0.028242"	1863	764	377	41.01	20.24	"CL-COV318"	1
"OvCa"	"HEL-S-7"	"NP_001145"	"GIGTDEESIITVDIPK"	"rs758001979"	"FRAMESHIFT"	96.673	"0.00027009"	320	45	41	14.06	12.81	"TU-ROV"	1
"OvCa"	"HLA-DRB1"	"NP_001035364"	"ISSEIIVSIIK"	"rs778065935"	"FRAMESHIFT"	113.93	"0.012146"	812	449	419	55.3	51.6	"CL-JHOS4;CL-JHOS4;CL-OVCAR5;CL-COV318"	1
"OvCa"	"LDHA"	"NP_001158887"	"SADTIWGIQK"	"rs751851558"	"FRAMESHIFT"	168.83	"8.90E-01"	274	242	225	88.32	82.12	"CL-PEO4;CL-SKOV3IP1;CL-PEO1;CL-PEO1;TU-ROV;CL-ME180;CL-OVSAHO;CL-OVCAR5"	1
"OvCa"	"MROH6"	"NP_001094348"	"IEEAGGSPHPPGGR"	"rs778919731"	"FRAMESHIFT"	79.492	"0.022402"	719	540	327	75.1	45.48	"TU-ROV"	1
"OvCa"	"RAPH1"	"NP_998754"	"AASFPCFIHSTISPYPSCSSTPANITQATEIICK"	"rs754128403"	"FRAMESHIFT"	70.766	"6.41E-12"	1250	921	720	73.68	57.6	"CL-IGROV1CP;CL-IGROV1CP"	1
"OvCa"	"RAPH1"	"NP_998754"	"AQVAAQIHPSPFSGIPSSPS"	"rs754128403"	"FRAMESHIFT"	123.63	"7.45E-15"	1250	921	720	73.68	57.6	"CL-IGROV1;CL-IGROV1CP;CL-IGROV1;CL-IGROV1CP"	1
"OvCa"	"RAPH1"	"NP_998754"	"TPSISTVTGAIGR"	"rs754128403"	"FRAMESHIFT"	127.71	"0.0013144"	1250	921	720	73.68	57.6	"CL-IGROV1CP;CL-IGROV1;CL-IGROV1CP"	1
"OvCa"	"RAPH1"	"NP_998754"	"EADSQPVSTPSNSPCHGISAIK"	"rs754128403"	"FRAMESHIFT"	87.208	"7.86E-03"	1250	921	720	73.68	57.6	"CL-IGROV1CP;CL-IGROV1;CL-IGROV1CP;CL-IGROV1;CL-IGROV1CP;CL-IGROV1"	1
"OvCa"	"RNF168"	"NP_689830"	"IQICIVAEQK"	"rs776931567"	"FRAMESHIFT"	102.07	"0.043485"	571	360	339	63.05	59.37	"PC-FTEC"	1
"OvCa"	"TJP1"	"NP_783297"	"HAIIDVTPK"	"rs34255184"	"FRAMESHIFT"	113.62	"0.051122"	1668	713	711	42.75	42.63	"CL-OVCAR5"	1
"CrCa"	"ACTG1"	"NP_001605"	"CPEAIFQPSFIGMES"	"rs782135081"	"INDEL"	123.29	"0.013509"	375	271	272	72.27	72.53	"AA-3526;AA-3526"	1
"CrCa"	"KARS"	"NP_005539"	"ENVATTDTIESTTVGTSV"	"rs753346124"	"INDEL"	216.77	"2.6722e-21"	597	596	579	99.83	96.98	"AG-A01L;AG-A036"	0
"OvCa"	"ACTG1"	"NP_001605"	"CPEAIFQPSFIGMES"	"rs782135081"	"INDEL"	103.67	"0.0034981"	375	271	272	72.27	72.53	"CL-OVCA433;CL-IOSE7576;CL-ME180C13;CL-SNU119;CL-CAOV3;CL-TOV112DR;CL-OVISE;CL-TOV112D;CL-IGROV1CP;CL-TOV112DR;CL-TYKNU;CL-IGROV1CP;TU-LOV;CL-OVCAR3"	1
"OvCa"	"KARS"	"NP_005539"	"ENVATTDTIESTTVGTSV"	"rs753346124"	"INDEL"	81.594	"0.00072097"	597	596	579	99.83	96.98	"CL-SNU119"	0
"OvCa"	"RETREG1"	"NP_061873"	"SSGFISNIIGGH"	"rs758081460"	"INDEL"	90.913	"0.033912"	356	355	344	99.72	96.63	"CL-ME180C13"	0
"BrCa"	"ACADVL"	"NP_001029031"	"GIVNEQFIIQR"	"rs866424446"	"INDEL"	161.17	"0.00070834"	633	632	534	99.84	84.36	"BC14"	0
"BrCa"	"ACOX3"	"NP_003492"	"DDAVAIVVIAPPDFVIDSPIGR"	"rs763149612"	"INDEL"	53.444	"0.012654"	700	699	642	99.86	91.71	"BC18"	0
"BrCa"	"AIMP1"	"NP_004748"	"IWEQIQPDIHTNDECVATYK"	"rs777246149"	"INDEL"	190.23	"8.6174e-34"	312	311	269	99.68	86.22	"BC22;BC21;BC28;BC12;BC34;BC33;BC14;BC21;BC04"	0
"BrCa"	"APOA1"	"NP_001304947"	"WQEEMEIYR"	"rs532489785"	"INDEL"	109.44	"0.021236"	267	266	131	99.63	49.06	"BC03"	0
"BrCa"	"ASNS"	"NP_001171546"	"IGCIISGGIDSSIVAATIIK"	"rs752897486"	"INDEL"	131.02	"3.7816e-34"	540	539	231	99.81	42.78	"BC05;BC33"	0
"BrCa"	"CACTIN"	"NP_067054"	"GPSGTQEMGPISR"	"rs767389574"	"FRAMESHIFT"	73.435	"0.018582"	758	133	75	17.55	9.89	"BC41"	1
"BrCa"	"CCT4"	"NP_001243650"	"IGGTIDDCEIVEGIVITQK"	"rs756672679"	"INDEL"	205.18	"1.639e-27"	509	508	183	99.8	35.95	"BC33;BC19;BC34;BC03;BC12;BC07;BC21;BC21;BC33;BC21;BC31;BC27"	0
"BrCa"	"CHMP2A"	"NP_940818"	"AEAAASAIADADADIEER"	"rs928731364"	"INDEL"	194.05	"4.4112e-23"	222	221	197	99.55	88.74	"BC33;BC30B;BC45;BC43;BC23"	0
"BrCa"	"CLASP1"	"NP_001135746"	"YEPYGMYSDDDANSDASSVCSER"	"rs749729483"	"INDEL"	57.238	"0.0023511"	1471	1470	787	99.93	53.5	"BC21"	0
"BrCa"	"CLIC6"	"NP_001303938"	"VGDSVEAGDPAGDGVEAEGPAGDSMDAEGPAGR"	"rs557556798"	"INDEL"	86.434	"1.911e-28"	704	694	263	98.58	37.36	"BC19;BC19;BC19"	0
"BrCa"	"CLTCL1"	"NP_001826"	"GPNNAHIQQVGDR"	"rs782177028"	"INDEL"	138.02	"0.00012355"	1583	1574	1183	99.43	74.73	"BC06;BC26;BC32;BC22;BC25;BC41;BC41;BC17;BC04;BC34;BC34;BC42;BC40;BC31;BC19;BC33;BC37A;BC10;BC38;BC07"	0
"BrCa"	"COG3"	"NP_113619"	"VPSEASFSDVHIEEGESNSITK"	"rs748498036"	"INDEL"	147.67	"3.3756e-44"	828	827	508	99.88	61.35	"BC27;BC42;BC33"	0
"BrCa"	"COL3A1"	"NP_000081"	"GPAGIPGFPWYER"	"rs34465764"	"FRAMESHIFT"	58.274	"0.032099"	1466	276	261	18.83	17.8	"BC17"	1
"BrCa"	"CYFIP1"	"NP_001311053"	"NVIQSVIQAIR"	"rs759050845"	"INDEL"	79.659	"0.03014"	1223	1222	474	99.92	38.76	"BC33"	0
"BrCa"	"CYP2D7"	"NP_057231"	"SIENAIEWSVK"	"rs765251979"	"INDEL"	74.698	"0.029961"	386	383	204	99.22	52.85	"BC33"	0
"BrCa"	"DDX55"	"NP_065987"	"TGIFSATQTQEVENIVR"	"rs936428277"	"INDEL"	118.31	"1.4369e-11"	600	599	197	99.83	32.83	"BC12"	0
"BrCa"	"DRG1"	"NP_004138"	"IIENEIEGFGIR"	"rs781481591"	"INDEL"	98.407	"0.0031242"	367	366	159	99.73	43.32	"BC29;BC14;BC45;BC33"	0
"BrCa"	"EIF3CL"	"NP_001304786"	"IDEEEEDNEGGEWER"	"rs757394042"	"INDEL"	214.18	"1.851e-09"	914	913	295	99.89	32.28	"BC21;BC10;BC06;BC12;BC14;BC27;BC45;BC09;BC19;BC26;BC07;BC13"	0
"BrCa"	"EIF4G1"	"NP_937884"	"EAVGDIIDAFK"	"rs568141854"	"INDEL"	143.97	"0.00063533"	1599	1598	524	99.94	32.77	"BC12;BC38"	0
"BrCa"	"EL52"	"NP_005339"	"DQTEYIEER"	"rs769056612"	"INDEL"	128.86	"0.014059"	732	731	192	99.86	26.23	"BC12"	0
"BrCa"	"ELAC2"	"NP_001159434"	"EGPTISVPMVQGECIIK"	"rs764621765"	"INDEL"	61.285	"0.015225"	786	785	367	99.87	46.69	"BC19"	0
"BrCa"	"EPS15L1"	"NP_001245304"	"IQQEETQIEQSIQAGR"	"rs760752856"	"INDEL"	155.26	"5.9819e-12"	754	747	501	99.07	66.45	"BC19;BC17;BC04"	0
"BrCa"	"EXOC7"	"NP_001138771"	"VTSMISEISTCPR"	"rs547520832"	"FRAMESHIFT"	62.694	"0.027682"	707	314	291	44.41	41.16	"BC20"	1
"BrCa"	"F13A1"	"NP_000120"	"ETFDVTIEPISFK"	"rs775727745"	"INDEL"	113.07	"7.1209e-06"	732	731	571	99.86	78.01	"BC19;BC25"	0
"BrCa"	"FH"	"NP_000134"	"IYEIAAGGTAVGTGINTR"	"rs786202220"	"INDEL"	183.77	"3.2116e-23"	510	503	263	98.63	51.57	"BC42;BC05;BC05;BC12;BC33;BC12;BC36;BC10;BC45;BC19;BC20;BC33;BC30;BC15;BC33;BC13;BC34;BC36;BC12"	0
"BrCa"	"FKBP4"	"NP_002005"	"AEASSGDHPTDTEMEEQK"	"rs746579974"	"INDEL"	55.437	"0.01041"	459	458	441	99.78	96.08	"BC43"	0
"BrCa"	"GOLPH2"	"NP_808800"	"FSYDISQCINQMK"	"rs772092142"	"INDEL"	206.36	"0.00031854"	401	400	151	99.75	37.66	"BC23;BC30;BC28"	0
"BrCa"	"GPX1"	"NP_001316431"	"IAAAAAQSVYAFSAR"	"rs56041243"	"INDEL"	128.95	"2.4304e-11"	104	102	12	98.08	11.54	"BC38;BC30B;BC41;BC38;BC12;BC20"	0
"BrCa"	"GPX1"	"NP_001316431"	"IAAAAAAQSVYAFSAR"	"rs762505490"	"INDEL"	125.5	"1.0925e-16"	104	103	13	99.04	12.5	"BC31;BC18"	0
"BrCa"	"GRK7"	"NP_631948"	"IEAGIIEPPFVPDPQWFMPK"	"rs762280584"	"FRAMESHIFT"	68.41	"0.00029012"	553	514	476	92.95	86.08	"BC31;BC37A;BC36;BC27"	1
"BrCa"	"GYG1"	"NP_001171650"	"WEQGQADYMGADSFDNIK"	"rs751926211"	"FRAMESHIFT"	91.622	"0.00020827"	279	261	224	93.55	80.29	"BC21"	1
"BrCa"	"H1FX"	"NP_006017"	"VPWFDQQNGR"	"rs756814749"	"INDEL"	98.055	"0.0097892"	213	212	76	99.53	35.68	"BC10"	0
"BrCa"	"HADH"	"NP_005318"	"SVSSSTASASAK"	"rs770646232"	"INDEL"	106.26	"0.0055272"	314	313	16	99.68	5.1	"BC19;BC45;BC36;BC43;BC32;BC41;BC33;BC30B;BC06;BC46;BC08;BC30B;BC26;BC10;BC27;BC46;BC22;BC04;BC45;BC18;BC12;BC45;BC38;BC46;BC25;BC30B;BC30B;BC40;BC45"	0
"BrCa"	"HBA2"	"NP_000549"	"VADAITNAVAHVDDMPNAISAISDIHAHK"	"rs34353199"	"INDEL"	75.018	"1.1313e-12"	142	141	62	99.3	43.66	"BC46;BC08;BC41;BC20;BC29;BC37A;BC41;BC46;BC18"	0
"BrCa"	"HBB"	"NP_000509"	"FESFGDISTPDAVMGNPK"	"rs281864897"	"INDEL"	127.61	"5.3711e-28"	147	146	43	99.32	29.25	"BC37A;BC37A;BC40;BC37A;BC23;BC36;BC17;BC40;BC37A;BC37A;BC28;BC37A;BC40;BC19;BC37A;BC41"	0
"BrCa"	"HEL-S-26"	"NP_005887"	"ISGGSVVEMQGDEMTR"	"rs757897398"	"INDEL"	191.37	"1.1578e-11"	414	413	4	99.76	0.97	"BC30;BC42;BC23;BC30B;BC12;BC41;BC20;BC07;BC23;BC38;BC23"	0
"BrCa"	"HEL113"	"NP_003371"	"IIQDSVDFSIADAINTEFK"	"rs755419803"	"INDEL"	216.34	"1.1916e-27"	466	457	71	98.07	15.24	"BC10;BC01;BC03;BC10;BC06;BC40;BC30B;BC26;BC40;BC17;BC45;BC42;BC05;BC01;BC01;BC40;BC25;BC06;BC09;BC17;BC19;BC34;BC25;BC22;BC34;BC33;BC07;BC40;BC01;BC01;BC40;BC06;BC41;BC29;BC01;BC22;BC25;BC18;BC21;BC41;BC04;BC33;BC03;BC36;BC01;BC05;BC45;BC34;BC33;BC27;BC07;BC46;BC33;BC05;BC10;BC40;BC40;BC22;BC37A"	0
"BrCa"	"HLA-A"	"NP_001284347"	"MGPAMGPAIGAGIER"	"rs776660523"	"INDEL"	82.578	"0.00064401"	595	582	446	97.82	74.96	"BC09;BC30B;BC37A;BC30B"	0
"BrCa"	"HLA-A"	"NP_001284347"	"MGIAMGGGGGASFDR"	"rs766028630"	"INDEL"	152	"2.0411e-09"	595	580	459	97.48	77.14	"BC09;BC40;BC33;BC30;BC19;BC37A;BC14;BC38;BC06;BC03;BC17"	0
"BrCa"	"HLA-DQB1"	"NP_001265518"	"VAAIEAINDGEIQK"	"rs1002065015"	"INDEL"	89.507	"0.0017426"	359	358	108	99.72	30.08	"BC30B;BC34;BC19"	0
"BrCa"	"HMGCL"	"NP_000182"	"NINCSIEESFQR"	"rs766659469"	"INDEL"	148.18	"0.00055921"	325	324	137	99.69	42.15	"BC25;BC07"	0
"BrCa"	"HNRNPAB"	"NP_004490"	"GSGGGGGGGGQGSTNYGK"	"rs772987292"	"INDEL"	194.32	"9.7983e-23"	285	282	252	98.95	88.42	"BC34;BC19;BC17;BC38;BC21;BC41;BC42;BC26;BC18;BC01;BC10"	0
"BrCa"	"HNRNPDL"	"NP_001193929"	"QIAPIIPSIAPSSAR"	"rs759911561"	"INDEL"	71.531	"0.0056258"	363	360	34	99.17	9.37	"BC17"	0
"BrCa"	"IVL"	"NP_005538"	"HIEQQEGQIEQIEEQEGQIK"	"rs779238373"	"INDEL"	85.855	"3.9127e-06"	585	575	323	98.29	55.21	"BC03;BC40"	0
"BrCa"	"KRT1"	"NP_006112"	"GSYGSGGGSYGSGGGGGGHGSYGSGSSSGGYR"	"rs869248709"	"INDEL"	373.6	"0"	644	637	557	98.91	86.49	"BC05;BC40;BC13;BC33;BC26;BC28;BC33;BC30B;BC41;BC22;BC07;BC30B;BC30B;BC01;BC26;BC26;BC36;BC40;BC05;BC40;BC45;BC34;BC31;BC42;BC13;BC28;BC45;BC40;BC05;BC20;BC42;BC20;BC25;BC26;BC41;BC05;BC38;BC20;BC40;BC20;BC05;BC42;BC40;BC14;BC17;BC15;BC10;BC07;BC15;BC38;BC09;BC19;BC40;BC06;BC45;BC33;BC17;BC25;BC42;BC33;BC18;BC40;BC17;BC13;BC40;BC30;BC37A;BC43;BC43;BC22;BC13;BC14;BC30;BC26;BC46;BC06;BC45;BC26;BC41;BC40;BC07;BC45;BC20;BC26;BC31;BC15;BC03;BC14;BC28;BC23;BC26;BC40;BC34;BC41;BC19;BC26;BC32;BC04;BC17;BC01;BC30B;BC40;BC26;BC10;BC06;BC28;BC45;BC40;BC41;BC34;BC18;BC03;BC17;BC25;BC06;BC46;BC34;BC22;BC46;BC13;BC31;BC46;BC28;BC26;BC27;BC25;BC46;BC46;BC30;BC30;BC08;BC29;BC07;BC23;BC23;BC43;BC30B;BC42;BC25;BC26;BC07;BC09;BC31;BC43;BC23;BC34;BC43;BC23;BC37A;BC05;BC43;BC31;BC32;BC17;BC19;BC12;BC04;BC19;BC45;BC14;BC37A;BC03;BC37A;BC04;BC08;BC05;BC40;BC10;BC45;BC04;BC26;BC34;BC10;BC31;BC30B;BC04;BC26;BC32;BC41;BC30;BC10;BC23;BC25;BC08;BC25;BC43;BC14;BC08;BC27;BC09;BC25;BC10;BC33;BC04;BC03;BC21;BC25;BC34;BC26;BC17;BC30B;BC15;BC40;BC26;BC28;BC20;BC06;BC17;BC22;BC18;BC03;BC03;BC09;BC06;BC45;BC06;BC40;BC03;BC17;BC23;BC08;BC32;BC28;BC33;BC40;BC42;BC10;BC45;BC46;BC23;BC40;BC40;BC09;BC36;BC26;BC23;BC36;BC03;BC26;BC43;BC43;BC06;BC36;BC09;BC23;BC46;BC01;BC22;BC46;BC40;BC08;BC43;BC43;BC08;BC28;BC25;BC31;BC38;BC03;BC38;BC28;BC21;BC33;BC15;BC43;BC14;BC14;BC10;BC12;BC26;BC40;BC42;BC13;BC41;BC09;BC09;BC05;BC17;BC15;BC05;BC38;BC43;BC43;BC30;BC30B;BC26;BC22;BC01;BC34;BC12;BC40;BC32;BC32;BC12;BC30B;BC19;BC26;BC07;BC08;BC43;BC40;BC25;BC31;BC01;BC37A;BC03;BC26;BC04;BC07;BC46;BC26;BC13;BC09;BC42;BC29;BC31;BC25;BC34;BC07;BC43;BC14;BC14;BC30;BC09;BC36;BC14;BC30;BC23;BC14;BC40;BC23;BC32;BC40;BC36;BC37A;BC17;BC40;BC15;BC26;BC15;BC03;BC28;BC31;BC18;BC31;BC40;BC25;BC45;BC08;BC26;BC25;BC40;BC41;BC04;BC43;BC46;BC40;BC33;BC30;BC40;BC32;BC36;BC06;BC43;BC40;BC09;BC14;BC14;BC23;BC01;BC33;BC13;BC26;BC05;BC06;BC04;BC06;BC32;BC08;BC13;BC30B;BC32;BC29;BC45;BC37A;BC26;BC15;BC37A;BC43;BC38;BC25;BC34;BC01;BC45;BC05;BC12;BC41;BC38;BC07;BC04;BC21;BC14;BC06;BC04"	0
"BrCa"	"KRT1"	"NP_006112"	"GSYGSGGGGGSYGSGGGGGGHGSYGSGSSSGGYR"	"rs746010186"	"INDEL"	132.6	"4.3861e-115"	644	639	557	99.22	86.49	"BC05;BC26;BC40;BC26;BC26"	0
"BrCa"	"KRT1"	"NP_006112"	"GSYGSGGGGGGHGSYGSGSSSGGYR"	"rs767504750"	"INDEL"	159.2	"3.2944e-125"	644	630	557	97.83	86.49	"BC40;BC34;BC23;BC40;BC26;BC26;BC26;BC18"	0
"BrCa"	"KRT1"	"NP_006112"	"GSYGSGGSSYGSGGGGGGHGSYGSGSSSGGYR"	"rs754908204"	"INDEL"	111.18	"2.0621e-69"	644	637	565	98.91	87.73	"BC26"	0
"BrCa"	"KRT9"	"NP_000217"	"GGSGGSYGGGSGGGYGGGSGSR"	"rs959473203"	"INDEL"	152.09	"7.4619e-81"	623	622	501	99.84	80.42	"BC26;BC41;BC19;BC27;BC38;BC43;BC22;BC42;BC17"	0
"BrCa"	"LDHA"	"NP_001158887"	"SADTIWGIQK"	"rs751851558"	"FRAMESHIFT"	140.45	"1.0191e-05"	274	242	225	88.32	82.12	"BC34;BC23;BC23;BC38;BC22;BC42;BC08;BC26;BC10"	1
"BrCa"	"LMAN2"	"NP_006807"	"NIHGDGIAIWYTR"	"rs756317309"	"INDEL"	75.018	"0.015212"	356	355	126	99.72	35.39	"BC05;BC30;BC28"	0
"BrCa"	"LMNA"	"NP_733821"	"EGDIIAAQAR"	"rs794728597"	"INDEL"	93.556	"0.016833"	664	663	123	99.85	18.52	"BC19"	0
"BrCa"	"LR8"	"NP_001611"	"VSMPDVDINIK"	"rs772711162"	"INDEL"	72.531	"0.065609"	5890	5883	1774	99.88	30.12	"BC10"	0
"BrCa"	"MANF"	"NP_006001"	"IIDDWGETCK"	"rs782635704"	"INDEL"	135.86	"0.0012481"	185	184	145	99.46	78.38	"BC42;BC34;BC13;BC22"	0
"BrCa"	"MATR3"	"NP_954659"	"TEEGPTISYGR"	"rs1012961702"	"INDEL"	94.767	"0.028415"	847	846	149	99.88	17.59	"BC01"	0
"BrCa"	"MSH6"	"NP_000170"	"IIDFISAIEGFK"	"rs587782858"	"INDEL"	140.24	"0.00055207"	1360	1359	854	99.93	62.79	"BC38;BC33"	0
"BrCa"	"MTDH"	"NP_848927"	"QGEDNSTAQDTEEIEK"	"rs767566599"	"INDEL"	206.43	"2.771e-12"	582	581	451	99.83	77.49	"BC30B;BC07;BC33;BC07;BC13;BC15;BC40;BC38;BC06;BC10"	0
"BrCa"	"MYH1"	"NP_005954"	"MEGDINEMEIQINHANR"	"rs777813980"	"INDEL"	112.24	"8.5495e-08"	1939	1938	1621	99.95	83.6	"BC01"	0
"BrCa"	"MYH11"	"NP_002465"	"IQDFASTVEAIEEGK"	"rs748742555"	"INDEL"	150.05	"2.8596e-21"	1972	1971	1379	99.95	69.93	"BC41;BC41;BC41;BC41;BC41;BC41;BC41"	0
"BrCa"	"NACA2"	"NP_954984"	"SPASDAYIVFGEAR"	"rs762431680"	"FRAMESHIFT"	83.204	"0.0010726"	215	136	127	63.26	59.07	"BC43"	1
"BrCa"	"NAXE"	"NP_658985"	"YQINIPPYPDTECVYR"	"rs897694449"	"INDEL"	177.88	"1.0897e-12"	288	287	270	99.65	93.75	"BC28;BC05;BC12;BC27;BC30;BC13;BC13;BC10;BC10;BC26;BC26;BC07;BC08;BC30B;BC42;BC14;BC01;BC34;BC33;BC19;BC25;BC29;BC38;BC07;BC29"	0
"BrCa"	"NCBP2"	"NP_031388"	"TACGFCFVEYYSR"	"rs756862806"	"INDEL"	62.035	"0.05659"	156	155	78	99.36	50	"BC38"	0
"BrCa"	"ND6"	"NP_067022"	"YDGYTSCPIVTGYNR"	"rs763205101"	"INDEL"	207.31	"2.4614e-08"	450	449	372	99.78	82.67	"BC30;BC06;BC07;BC08;BC08;BC10;BC33;BC04;BC42;BC29;BC14;BC28;BC04;BC23;BC13"	0
"BrCa"	"NUMA1"	"NP_001273490"	"DSAIETIQGQIEEK"	"rs781605659"	"INDEL"	184.21	"1.3205e-06"	2101	2095	1155	99.71	54.97	"BC30;BC30B;BC34;BC34;BC01;BC22;BC30B;BC10;BC23;BC46;BC41;BC46;BC06;BC30B;BC21;BC03;BC17;BC26;BC21;BC37A;BC41;BC28;BC10;BC14;BC28;BC43;BC28;BC05;BC45;BC23;BC32;BC13;BC30;BC21;BC33;BC01;BC45;BC06;BC15;BC36;BC14;BC46;BC32;BC30;BC21;BC32;BC26;BC26;BC08;BC45;BC33;BC13;BC45;BC43;BC14;BC13;BC14;BC25;BC15;BC32;BC10;BC15;BC38;BC13;BC22;BC36;BC23;BC07;BC45;BC07;BC43;BC43;BC28;BC34;BC45;BC38;BC29;BC46;BC08;BC07;BC17;BC38;BC12;BC38;BC07;BC17;BC30B;BC29;BC22;BC22;BC42;BC06;BC19;BC43;BC10;BC05;BC30;BC30;BC04;BC28;BC43;BC43"	0
"BrCa"	"PDCD11"	"NP_055791"	"YHIGDEVK"	"rs763827025"	"INDEL"	103.83	"0.023507"	1871	1870	496	99.95	26.51	"BC08"	0
"BrCa"	"PHPT1"	"NP_001274271"	"IHVYGYSMAYGPAQHAISTEK"	"rs768718402"	"INDEL"	179.69	"7.3049e-45"	127	126	89	99.21	70.08	"BC37A;BC10;BC41;BC37A;BC37A;BC07"	0
"BrCa"	"PITPNA"	"NP_001254488"	"PGPGPAAGAAIPDQSFIWNVFQR"	"rs529816592"	"INDEL"	214.24	"3.1741e-284"	69	65	12	94.2	17.39	"BC33;BC07;BC07;BC07;BC10;BC07;BC46;BC38;BC46;BC46;BC45;BC46"	1
"BrCa"	"POR"	"NP_671714"	"IIYQNINEPTTWSITSDR"	"rs757087367"	"INDEL"	129.36	"8.6615e-24"	3899	3898	3450	99.97	88.48	"BC10"	0
"BrCa"	"PTPN18"	"NP_001135842"	"GAPAGAGSGTQTGTGTGAR"	"rs112040677"	"INDEL"	145.8	"1.8342e-46"	353	351	271	99.43	76.77	"BC27"	0
"BrCa"	"RDH14"	"NP_065956"	"QAAECGPEPGVSGVGEIIVR"	"rs757606620"	"INDEL"	171.47	"1.8751e-34"	336	332	89	98.81	26.49	"BC08"	0
"BrCa"	"RECQL"	"NP_116559"	"VIMAQHFDEVWNSEACNK"	"rs750279410"	"INDEL"	179.46	"1.1292e-24"	649	648	455	99.85	70.11	"BC07;BC33;BC28"	0
"BrCa"	"RIC8A"	"NP_001273063"	"IITDTIEITIGVTPEGNPPTIIPSQETER"	"rs200040945"	"INDEL"	106.11	"8.1859e-68"	531	530	210	99.81	39.55	"BC32;BC06;BC45;BC29;BC46;BC13;BC10"	0
"BrCa"	"RPL29"	"NP_000983"	"AQAAAPASVPAQAPK"	"rs761953149"	"INDEL"	82.529	"0.00064721"	159	151	128	94.97	80.5	"BC10;BC08;BC38;BC07;BC28;BC14"	1
"BrCa"	"RPLP0"	"NP_444505"	"AFIADPSAFVAAATTAAPAAAAAPAK"	"rs572058538"	"INDEL"	70.345	"8.8489e-06"	317	312	280	98.42	88.33	"BC46;BC46"	0
"BrCa"	"RRS1"	"NP_055984"	"TNIVWDEVSGQWR"	"rs772617315"	"INDEL"	97.273	"0.0024349"	365	364	128	99.73	35.07	"BC36"	0
"BrCa"	"SDC1"	"NP_002988"	"DEGSYSIEEPK"	"rs773326748"	"INDEL"	97.163	"0.015746"	310	309	281	99.68	90.65	"BC15"	0
"BrCa"	"SHMT1"	"NP_683718"	"ISATSIFFESMPYK"	"rs767305396"	"INDEL"	154.1	"5.3133e-06"	444	443	159	99.77	35.81	"BC22;BC42;BC33;BC17;BC12;BC33;BC06;BC30"	0
"BrCa"	"SLC12A2"	"NP_001243390"	"AAAAAAAAAGAGAGAK"	"rs759381412"	"INDEL"	97.273	"0.0017459"	1196	1190	102	99.5	8.53	"BC19"	0
"BrCa"	"SLC39A11"	"NP_631916"	"SDPEGPAIIFPESEISIR"	"rs769644430"	"INDEL"	80.316	"0.00045758"	335	334	124	99.7	37.01	"BC42"	0
"BrCa"	"SLC9A3R1"	"NP_004243"	"GPSGYGFNIHSDK"	"rs979103431"	"INDEL"	197.63	"4.8436e-08"	358	357	159	99.72	44.41	"BC30;BC30"	0
"BrCa"	"SPRR1B"	"NP_003116"	"VPEPCPSIVTPAPAQQK"	"rs747992502"	"INDEL"	199.84	"2.0739e-146"	89	73	58	82.02	65.17	"BC26;BC12"	1
"BrCa"	"SPRR2F"	"NP_001014450"	"SAISPAHHQSVHSPAHISSASR"	"rs759453666"	"FRAMESHIFT"	67.396	"0.0016766"	72	56	4	77.78	5.56	"BC43;BC43;BC07;BC10;BC30;BC14;BC22;BC15;BC38;BC43;BC23"	1
"BrCa"	"SPTAN1"	"NP_001123910"	"HQAFEAEIHANADR"	"rs776244007"	"INDEL"	113.01	"1.3117e-08"	2477	2474	1596	99.88	64.43	"BC22;BC06;BC08;BC45;BC30;BC41;BC30B;BC30B;BC28;BC23"	0
"BrCa"	"TAGLN"	"NP_003177"	"YDEEIEER"	"rs757070112"	"INDEL"	137.84	"0.0035329"	201	200	21	99.5	10.45	"BC40;BC12;BC25;BC27;BC10;BC37A;BC36"	0
"BrCa"	"TBC1D24"	"NP_065756"	"HSSSCIPIPEFVDNTQVPSYCINAR"	"rs761918906"	"INDEL"	147.26	"1.4246e-70"	553	549	81	99.28	14.65	"BC09"	0
"BrCa"	"THUMPD1"	"NP_060206"	"FQSVESGANNVVFIR"	"rs757832045"	"INDEL"	142.38	"7.8325e-08"	353	352	116	99.72	32.86	"BC08;BC30;BC25"	0
"BrCa"	"TKT"	"NP_001244957"	"IIATPPQEDAPSVDIANIR"	"rs782784738"	"INDEL"	195.92	"3.2399e-26"	631	630	291	99.84	46.12	"BC20;BC37A;BC34;BC21;BC27;BC42;BC10;BC32;BC12;BC08;BC40;BC14;BC04;BC45;BC46;BC01;BC33;BC31;BC03;BC20;BC33;BC21;BC07;BC22"	0
"BrCa"	"TRIP6"	"NP_003293"	"GPAWVGSHGVIQHTQGIPADR"	"rs774628656"	"FRAMESHIFT"	149.44	"5.9048e-43"	476	220	88	46.22	18.49	"BC33;BC13"	1
"BrCa"	"TYMP"	"NP_001944"	"AIPIVIHEIGAGR"	"rs786205098"	"INDEL"	168.71	"1.512e-07"	482	480	398	99.59	82.57	"BC29;BC12;BC04;BC29;BC29;BC22;BC07;BC04;BC05;BC04;BC22;BC10;BC04;BC29;BC37A;BC10;BC29;BC46;BC22;BC22;BC29;BC20;BC20;BC12;BC13;BC12;BC07;BC29;BC09;BC37A;BC12"	0
"BrCa"	"UBE3A"	"NP_570853"	"VFSSAEAIVQSFR"	"rs587784531"	"INDEL"	88.075	"0.0019497"	852	848	130	99.53	15.26	"BC46"	0
"BrCa"	"cytb"	"NP_001122320"	"IPDPDSDDVSEVDAR"	"rs765524239"	"INDEL"	100.11	"0.00050347"	1613	1612	689	99.94	42.72	"BC07"	0
"PrCa"	"ABAT"	"NP_065737"	"TVAGIIVEPIQSEGGDNHASDDFFR"	"rs748632743"	"INDEL"	220	"4"	500	499	285	99	57	"PC03"	0
"PrCa"	"ACADVL"	"NP_001029031"	"GIVNEQFIIQR"	"rs866424446"	"INDEL"	135	"0"	633	632	534	99	84	"PCA062;PCA057;PC028;PCA061;PCA056"	0
"PrCa"	"ACTB"	"NP_602293"	"IYANFFPYGDASK"	"rs749574883"	"INDEL"	120	"0"	193	192	50	99	25	"PC017;PC03;PC010;PC026;PC027"	0
"PrCa"	"AIMP1"	"NP_004748"	"IWEQIQPDIHTNDECVATYK"	"rs777246149"	"INDEL"	223	"1"	312	311	269	99	86	"PC026;PC08;PC01;PC020;PC028;PC03;PC09;PC025;PC011;PC010;PC03;PC06;PC018"	0
"PrCa"	"ANKRD50"	"NP_542165"	"NCPHIVVGTPGR"	"rs758489522"	"INDEL"	168	"0"	428	427	163	99	38	"PC023;PC09;PC010;PC024;PC08;PC017;PC026;PC09;PC03;PC06;PC08;PC01;PC016;PC08;PC019"	0
"PrCa"	"APOA1"	"NP_001304947"	"WQEEMEIYR"	"rs532489785"	"INDEL"	158	"2"	267	266	131	99	49	"PC09;PC03"	0
"PrCa"	"ARHGEF25"	"NP_001104740"	"IIGVMGACCAHAPSIGR"	"rs753607714"	"FRAMESHIFT"	63	"0"	619	39	21	6	3	"PC018"	1
"PrCa"	"ASNS"	"NP_001171546"	"IGCIISGGIDSSIVAATIIK"	"rs752897486"	"INDEL"	234	"4"	540	539	231	99	42	"PC011;PC010;PC03;PC011;PC010;PC08;PC01;PC08;PC011;PC09"	0
"PrCa"	"ATP1B3"	"NP_001670"	"SINQSIAEWK"	"rs758064337"	"INDEL"	88	"0"	279	278	7	99	2	"PC09"	0
"PrCa"	"BPHL"	"NP_004323"	"VSIIGWSDGGITAIIAAAK"	"rs751683402"	"INDEL"	215	"4"	291	290	132	99	45	"PC010;PC020"	0
"PrCa"	"BRMS1L"	"NP_115728"	"MECIDEMSNIEK"	"rs768519923"	"INDEL"	113	"0"	323	322	58	99	17	"PC03"	0
"PrCa"	"C11orf54"	"NP_001273000"	"TGPINFVTCMR"	"rs777472198"	"INDEL"	122	"0"	256	255	119	99	46	"PC026;PC020"	0
"PrCa"	"CABS1"	"NP_149113"	"ITEPFSGTTSVIDTR"	"rs773936121"	"FRAMESHIFT"	82	"0"	395	370	369	93	93	"PC08;PC04;PCA058;PCA058;PCA056;PC010;PCA055;PC010;PCA058;PC06;PCA057;PCA057;PC01;PC01"	1
"PrCa"	"CCT4"	"NP_001243650"	"IGGTIDDCEIVEGIVITQK"	"rs756672679"	"INDEL"	209	"8"	509	508	183	99	35	"PC019;PC018;PC03"	0
"PrCa"	"CDH1"	"NP_006746"	"SYEPIEDPGVK"	"rs1023791993"	"INDEL"	107	"0"	337	336	204	99	60	"PC09;PC021;PC04;PC023"	0
"PrCa"	"CHMP2A"	"NP_940818"	"AEAAASAIADADADIEER"	"rs928731364"	"INDEL"	126	"3"	222	221	197	99	88	"PC023;PC012"	0
"PrCa"	"CLTCL1"	"NP_001826"	"GPNNAHIQQVGDR"	"rs782177028"	"INDEL"	121	"0"	1583	1574	1183	99	74	"PC09;PC07;PC010;PC024;PC018;PC017;PC011;PC02;PCA064;PC016;PC03;PC08;PC023"	0
"PrCa"	"COG3"	"NP_113619"	"VPSEASFSDVHIEEGESNSITK"	"rs748498036"	"INDEL"	222	"1"	828	827	508	99	61	"PC03;PC06"	0
"PrCa"	"COX20"	"NP_001299802"	"IIYEGTHIDPER"	"rs779792502"	"INDEL"	166	"0"	73	72	53	98	72	"PCA062;PC023;PCA053;PCA055;PCA064;PCA055;PC04;PCA062"	0
"PrCa"	"CYFIP1"	"NP_001311054"	"NVIQSVIQAIR"	"rs759050845"	"INDEL"	163	"0"	1131	1130	382	99	33	"PC012;PC026;PC027;PC013;PC02;PC018;PC024;PC017;PC024"	0
"PrCa"	"CYP2D7"	"NP_057231"	"SIENAIEWSVK"	"rs765251979"	"INDEL"	128	"0"	386	383	204	99	52	"PC023;PCA056;PC01;PC08;PCA057;PC08;PC09;PCA060;PC016;PCA057;PC08;PCA063;PCA055;PCA061;PC02;PCA055;PCA064;PCA054"	0
"PrCa"	"CYTB"	"NP_001164408"	"TGQPMINIYTDR"	"rs779490965"	"INDEL"	120	"0"	522	521	312	99	59	"PC09"	0
"PrCa"	"DDX1"	"NP_004930"	"GHQFSCVCIHGDR"	"rs758643146"	"INDEL"	155	"0"	740	739	536	99	72	"PC04;PC020"	0
"PrCa"	"DES"	"NP_001918"	"DNIIDDIQR"	"rs60538473"	"INDEL"	104	"0"	470	463	174	98	37	"PCA056;PCA061"	0
"PrCa"	"DMP1"	"NP_001073380"	"AAMETAPSWTMR"	"rs758872749"	"FRAMESHIFT"	52	"0"	497	215	120	43	24	"PC011;PC026"	1
"PrCa"	"DRG1"	"NP_004138"	"IIENEIEGFGIR"	"rs781481591"	"INDEL"	156	"0"	367	366	159	99	43	"PC024;PCA057;PC02;PCA064;PC025;PC021;PC016;PCA063;PC08;PC012;PCA058;PCA060;PCA060;PCA057;PCA056;PC017;PC09;PCA058;PCA063;PCA064;PCA064;PCA057;PC017"	0
"PrCa"	"DYNC1H1"	"NP_001367"	"VMSQEIQEQIHK"	"rs797044918"	"INDEL"	162	"0"	4646	4645	3254	99	70	"PC01;PC028"	0
"PrCa"	"EIF4G1"	"NP_937884"	"EAVGDIIDAFK"	"rs568141854"	"INDEL"	157	"0"	1599	1598	524	99	32	"PC02;PC01;PC03;PCA057;PC025;PC01;PC018;PC020;PCA058;PC018;PC027;PC024;PCA064;PC012;PCA063;PC01;PCA058;PC017;PCA064;PCA058;PCA064;PCA060"	0
"PrCa"	"EL52"	"NP_005339"	"DQTEYIEER"	"rs769056612"	"INDEL"	112	"0"	732	731	192	99	26	"PC09;PC017"	0
"PrCa"	"ENKD1"	"NP_115516"	"GVGDVIIQIEGISIGPGASIK"	"rs757371468"	"INDEL"	61	"0"	346	343	71	99	20	"PC08"	0
"PrCa"	"EPPK1"	"NP_112598"	"TIDEISQGTTVK"	"rs782061260"	"INDEL"	85	"0"	5088	5087	1553	99	30	"PC023;PC012;PC09"	0
"PrCa"	"FAM83A"	"NP_996889"	"IATDAIIEAYWR"	"rs770609483"	"INDEL"	60	"0"	367	363	44	98	11	"PC09"	0
"PrCa"	"FH"	"NP_000134"	"IYEIAAGGTAVGTGINTR"	"rs786202220"	"INDEL"	124	"8"	510	503	263	98	51	"PCA057;PC017;PC010;PCA054;PCA058;PCA056;PCA056"	0
"PrCa"	"FKBP9"	"NP_001271270"	"YHYVGTFPDGQK"	"rs964492421"	"INDEL"	117	"0"	623	617	53	99	8	"PCA055;PCA053"	0
"PrCa"	"GC"	"NP_001191235"	"THIPEVFISK"	"rs761960440"	"INDEL"	98	"0"	474	473	353	99	74	"PCA064"	0
"PrCa"	"GOLGB1"	"NP_001243415"	"IVGDYQQIEER"	"rs749144849"	"INDEL"	113	"0"	3269	3267	2479	99	75	"PCA055;PCA064"	0
"PrCa"	"GOLPH2"	"NP_808800"	"FSYDISQCINQMK"	"rs772092142"	"INDEL"	173	"0"	401	400	151	99	37	"PC03;PC017;PC04;PC06"	0
"PrCa"	"GOSR2"	"NP_004278"	"IIDIANMIGISNTVMR"	"rs863223401"	"INDEL"	123	"5"	212	211	164	99	77	"PCA062"	0
"PrCa"	"GPX1"	"NP_001316384"	"IAAAAAQSVYAFSAR"	"rs56041243"	"INDEL"	124	"5"	157	155	12	98	7	"PC017;PC05;PC07;PCA056;PC028;PC09;PCA060;PC03"	0
"PrCa"	"GPX1"	"NP_001316384"	"IAAAAAAQSVYAFSAR"	"rs762505490"	"INDEL"	136	"7"	157	156	13	99	8	"PC06;PCA057;PCA058"	0
"PrCa"	"GRK7"	"NP_631948"	"IEAGIIEPPFVPDPQWFMPK"	"rs762280584"	"FRAMESHIFT"	76	"0"	553	514	476	92	86	"PC01"	1
"PrCa"	"GYG1"	"NP_001171650"	"WEQGQADYMGADSFDNIK"	"rs751926211"	"FRAMESHIFT"	216	"9"	279	261	224	93	80	"PC03"	1
"PrCa"	"HADH"	"NP_005318"	"SVSSSTASASAK"	"rs770646232"	"INDEL"	103	"0"	314	313	16	99	5	"PC016;PC03;PC027;PCA064;PC01;PC04;PCA057;PC09;PC06;PC024;PC025;PC028;PCA054"	0
"PrCa"	"HBA2"	"NP_000549"	"VADAITNAVAHVDDMPNAISAISDIHAHK"	"rs34353199"	"INDEL"	172	"6"	142	141	62	99	43	"PC02;PC017;PC02;PC08;PC017;PCA058;PCA056;PC016;PCA053;PCA055;PC04;PC027;PC04;PC016;PC05;PC028;PCA055"	0
"PrCa"	"HEL-S-26"	"NP_005887"	"ISGGSVVEMQGDEMTR"	"rs757897398"	"INDEL"	238	"5"	414	413	4	99	0	"PC024;PC03;PC024;PC07;PC01;PC09;PC025;PC09;PC020;PC08;PCA054;PCA061;PC020;PC023;PC017"	0
"PrCa"	"HEL30"	"NP_057058"	"IFAQIDSIIDDR"	"rs756817033"	"INDEL"	125	"0"	319	318	104	99	32	"PCA058;PCA064;PC09;PCA062"	0
"PrCa"	"HLA-DQB1"	"NP_001265518"	"VAAIEAINDGEIQK"	"rs1002065015"	"INDEL"	134	"6"	359	358	108	99	30	"PC017;PC027;PCA060;PC020;PCA062;PC08;PC05;PC019"	0
"PrCa"	"HLA-DRB1"	"NP_001035364"	"ISSEIIVSIIK"	"rs778065935"	"FRAMESHIFT"	102	"0"	812	449	419	55	51	"PC01;PC024;PC023;PC017;PC017;PC08;PCA062;PC03;PC01;PC08;PC02;PC03;PC023;PC024;PC011"	1
"PrCa"	"HMGCL"	"NP_000182"	"NINCSIEESFQR"	"rs766659469"	"INDEL"	128	"0"	325	324	137	99	42	"PC018;PC06"	0
"PrCa"	"HNRNPAB"	"NP_004490"	"GSGGGGGGGGQGSTNYGK"	"rs772987292"	"INDEL"	212	"2"	285	282	252	98	88	"PC011;PCA053;PCA064;PC017;PCA061;PCA054"	0
"PrCa"	"HNRNPC"	"NP_004491"	"MESEGVQMTIIR"	"rs746537436"	"FRAMESHIFT"	114	"0"	293	268	243	91	82	"PC020;PC016;PCA064;PCA063;PC010"	1
"PrCa"	"HNRNPM"	"NP_112480"	"MGIAMGGGGGASFDR"	"rs766028630"	"INDEL"	106	"0"	691	676	555	97	80	"PC010;PC017;PC013;PC03;PC019;PC016;PC011;PCA064;PCA061;PC02;PC023;PC018;PC09;PC08;PCA063;PC019;PCA063;PC021;PC020;PC02;PC05;PC021;PC018;PC017;PC02;PC028;PC023;PCA057;PCA058;PC06;PC018;PCA056;PC021;PC07;PC016;PCA061;PCA053;PC013;PCA053;PC07;PC013;PCA063;PCA064;PC09;PCA063;PCA063;PC017;PC09;PCA057;PCA060;PC020;PCA061;PC016"	0
"PrCa"	"HNRNPM"	"NP_112480"	"MGPAMGPAIGAGIER"	"rs776660523"	"INDEL"	127	"0"	691	678	542	98	78	"PC021;PCA064;PC026;PCA055;PC024;PC021;PC019;PCA062;PC026;PC06;PCA061;PCA053;PC02;PC07;PC019;PC019;PC018;PC017;PC024;PCA053;PCA056;PCA063;PCA063;PCA055;PC07;PCA054;PCA061;PC02;PCA055;PC016;PCA053;PC05;PCA056;PC024;PC025;PCA064;PC09;PC011;PC013;PC027;PCA054;PC08;PCA056;PC028;PCA061;PCA058;PC019;PC010;PCA060;PC03;PCA064;PC025;PCA057;PCA058;PCA053;PC011;PCA062;PC018;PC025;PC016;PC013;PC025;PC08;PCA063;PC011;PC07;PCA057;PC023;PC08;PCA060;PC03;PC027;PCA053;PC021;PC01;PC021;PCA060;PCA058;PC023;PC020;PC04;PC08"	0
"PrCa"	"HNRNPM"	"NP_112480"	"MVPAGMGAGIER"	"rs778920046"	"INDEL"	118	"0"	691	684	487	98	70	"PC020;PC011;PC01"	0
"PrCa"	"HNRNPU"	"NP_114032"	"AEGGGGGGRPGAPAAGDGK"	"rs750936227"	"INDEL"	111	"3"	825	824	215	99	26	"PCA056"	0
"PrCa"	"KRT1"	"NP_006112"	"GSYGSGGGSYGSGGGGGGHGSYGSGSSSGGYR"	"rs869248709"	"INDEL"	301	"0"	644	637	557	98	86	"PC012;PC04;PC04;PC07;PC05;PC026;PC026;PC04;PCA064;PC021;PC027;PC020;PCA064;PC027;PC019;PC017;PC01;PC028;PC010;PC01;PC08;PC09;PC010;PC06;PC025;PCA062;PC04;PC05;PC03;PC08;PC026;PC03;PC023;PC03;PC025;PC01;PC010;PC019;PC04;PC08;PC018;PC010;PC011;PC013;PC024;PC06;PC03;PC020;PC08;PC027;PC09;PC027;PCA061;PC020;PC021;PC019;PCA064;PC05;PC05;PCA055;PC016;PCA060;PC08;PC020;PC025;PC011;PC08;PC026;PC028;PC08;PC025;PCA055;PCA054;PC019;PC01;PC024;PC027;PC027;PC010;PC08;PC01;PC018;PC08;PC026;PC024;PC010;PC019;PC020;PC018;PCA053;PC018;PC02;PC05;PC01;PC01;PC010;PC010;PC027;PC028;PC05;PC010;PC011;PC025;PC09;PC04;PC027;PCA055;PC010;PC011;PC09;PC010;PC017;PC024;PCA062;PC010;PC020;PC010;PC09;PC026;PC011;PC010;PC04;PC021;PC06;PC017;PC08;PC010;PC011;PC09;PCA055;PC01;PC018;PC05;PC04;PC08;PC026;PC01;PC03;PC04;PCA064;PCA056;PC03;PC04;PC08;PC08;PC08;PC021;PC08;PC023;PC05;PC024;PC026;PC019;PC06;PC04;PC04;PC016;PC023;PC011;PC03;PC03;PCA062;PCA053;PC08;PC05;PC08;PC05;PC023;PCA062;PC04;PC013;PC09;PC011;PC020;PC01;PC026;PC09;PCA054;PC021;PC03;PC01;PC026;PC028;PC017;PCA061;PC06;PC03;PC021;PC018;PC08;PC03;PC09;PC020;PC024"	0
"PrCa"	"KRT9"	"NP_000217"	"GGSGGSYGGGSGGGYGGGSGSR"	"rs959473203"	"INDEL"	150	"3"	623	622	501	99	80	"PC011"	0
"PrCa"	"LAYN"	"NP_037415"	"VIVTGATGIIGR"	"rs756057515"	"INDEL"	121	"0"	334	333	30	99	8	"PC02;PCA056;PC024"	0
"PrCa"	"LDHA"	"NP_001158887"	"SADTIWGIQK"	"rs751851558"	"FRAMESHIFT"	150	"0"	274	242	225	88	82	"PC02;PC010;PC017;PC010;PC026;PCA062;PCA057;PC028;PCA060;PCA061;PC020;PC021;PC010;PCA062;PC04;PC03"	1
"PrCa"	"LMAN2"	"NP_006807"	"NIHGDGIAIWYTR"	"rs756317309"	"INDEL"	118	"0"	356	355	126	99	35	"PC018;PCA054;PCA062"	0
"PrCa"	"LR8"	"NP_001611"	"VSMPDVDINIK"	"rs772711162"	"INDEL"	107	"0"	5890	5883	1774	99	30	"PC03"	0
"PrCa"	"MANF"	"NP_006001"	"IIDDWGETCK"	"rs782635704"	"INDEL"	148	"0"	185	184	145	99	78	"PC011;PC012;PC05;PC06;PC026;PC07;PC04;PC017;PC028;PC08;PC023;PC021"	0
"PrCa"	"MAPK12"	"NP_001290181"	"DFASIITNASPIAVNIIEK"	"rs756453855"	"INDEL"	65	"0"	357	356	261	99	73	"PCA057"	0
"PrCa"	"MARCKS"	"NP_002347"	"EAGEGGEAEAPAAEGGK"	"rs778581492"	"INDEL"	127	"1"	332	331	176	99	53	"PC01"	0
"PrCa"	"MATR3"	"NP_954659"	"TEEGPTISYGR"	"rs1012961702"	"INDEL"	118	"0"	847	846	149	99	17	"PCA056;PCA063;PCA060"	0
"PrCa"	"MPI"	"NP_001276085"	"VVVEQINIIVK"	"rs756522536"	"INDEL"	102	"0"	373	372	157	99	42	"PC020"	0
"PrCa"	"MRPS33"	"NP_444263"	"ETYDWYPNHHTYAEIMQTIR"	"rs764078291"	"INDEL"	73	"0"	106	105	46	99	43	"PC017"	0
"PrCa"	"MSH6"	"NP_000170"	"IIDFISAIEGFK"	"rs587782858"	"INDEL"	114	"0"	1360	1359	854	99	62	"PC013;PC024"	0
"PrCa"	"MTDH"	"NP_848927"	"GTEEEEPEETVR"	"rs751585953"	"FRAMESHIFT"	132	"0"	582	132	68	22	11	"PC03;PC09;PC024"	1
"PrCa"	"MTDH"	"NP_848927"	"QGEDNSTAQDTEEIEK"	"rs767566599"	"INDEL"	241	"4"	582	581	451	99	77	"PC06;PC06;PC027;PC09;PC011"	0
"PrCa"	"MTIF3"	"NP_690876"	"ISEIFTYIMR"	"rs768309570"	"FRAMESHIFT"	83	"0"	278	103	84	37	30	"PC024"	1
"PrCa"	"MYH11"	"NP_002465"	"IQDFASTVEAIEEGK"	"rs748742555"	"INDEL"	136	"2"	1972	1971	1379	99	69	"PC01;PCA062;PCA057;PCA062;PCA055;PCA057;PCA056;PCA064;PCA054;PCA061;PC012;PCA058;PCA055;PC024;PCA064;PCA063;PC018;PC013;PCA061;PCA064;PCA064;PC024;PC018;PCA064;PCA064;PCA053;PCA058;PCA058;PC01;PCA058;PC012;PCA057;PC028;PCA057;PCA056;PC027;PCA064;PC020;PC020;PCA064;PCA057;PCA064;PCA057;PC024;PC020;PCA057;PCA058;PCA055;PC01;PC013;PCA053;PCA058;PC024;PCA058;PC02;PC09;PCA064;PCA057;PCA053;PC026;PCA057;PCA055"	0
"PrCa"	"NAXE"	"NP_658985"	"YQINIPPYPDTECVYR"	"rs897694449"	"INDEL"	119	"2"	288	287	270	99	93	"PC025;PC026;PC018;PC017;PC04;PC03;PC05;PC012;PC010;PC09"	0
"PrCa"	"NCBP2"	"NP_001294965"	"TACGFCFVEYYSR"	"rs756862806"	"INDEL"	98	"0"	138	137	60	99	43	"PC010"	0
"PrCa"	"ND4"	"NP_001245362"	"SHTSEGAHIDITPNSGAAGNSAGPK"	"rs763499117"	"INDEL"	231	"6"	313	303	279	96	89	"PC03;PC021;PC01"	0
"PrCa"	"ND6"	"NP_067022"	"YDGYTSCPIVTGYNR"	"rs763205101"	"INDEL"	158	"1"	450	449	372	99	82	"PC02"	0
"PrCa"	"NIP30"	"NP_079222"	"QQEYEEQFK"	"rs566394282"	"INDEL"	114	"0"	254	251	63	98	24	"PC026;PC03"	0
"PrCa"	"NUMA1"	"NP_001273490"	"DSAIETIQGQIEEK"	"rs781605659"	"INDEL"	219	"2"	2101	2095	1155	99	54	"PC09;PC03;PC01;PC02;PCA063;PC013;PC013;PC016;PC016;PCA062;PC09;PC017;PC03;PC010;PCA060;PC028;PC016;PC07;PCA053;PC012;PCA064;PCA061;PCA058;PC018;PCA061;PCA060;PC026;PC023;PC025;PC010;PCA060;PCA055;PCA058;PC020;PC017;PC013;PC025;PC03;PCA064;PCA054;PCA053;PC02;PC024;PC012;PC024;PCA062;PC024;PC09;PC026;PC016;PC016;PC024;PC09;PC09;PC01;PCA058;PC04;PC016;PC07;PC024;PC024;PC026;PC010;PC017"	0
"PrCa"	"PABPC3"	"NP_112241"	"PAAAAAAATPAVR"	"rs150143049"	"INDEL"	108	"0"	631	630	496	99	78	"PC018"	0
"PrCa"	"PAICS"	"NP_006443"	"ACGNFGIPCEIR"	"rs747347691"	"INDEL"	114	"0"	425	424	286	99	67	"PC021;PC018;PC013"	0
"PrCa"	"PDCD11"	"NP_055791"	"YHIGDEVK"	"rs763827025"	"INDEL"	124	"0"	1871	1870	496	99	26	"PC025;PC020"	0
"PrCa"	"PFKL"	"NP_002617"	"AVAFSPVTEIK"	"rs747991956"	"INDEL"	103	"0"	780	779	715	99	91	"PC09;PC020"	0
"PrCa"	"PHPT1"	"NP_001274271"	"IHVYGYSMAYGPAQHAISTEK"	"rs768718402"	"INDEL"	204	"1"	127	126	89	99	70	"PCA053;PC03;PCA055;PC04;PCA062;PC05;PCA055;PC09;PCA058;PC010;PC02;PC026;PC023"	0
"PrCa"	"PITPNA"	"NP_001254488"	"PGPGPAAGAAIPDQSFIWNVFQR"	"rs529816592"	"INDEL"	210	"3"	69	65	12	94	17	"PC05;PC01;PC09;PC04;PC09;PC04;PC01;PC09;PC01;PC05;PC04;PC09;PC04;PC09;PC04;PC010;PC024;PC09;PC025;PCA055;PC024;PC09;PC09;PC09"	1
"PrCa"	"PLCD3"	"NP_588614"	"MGITEDEDVR"	"rs922856611"	"INDEL"	113	"0"	789	788	53	99	6	"PCA063;PCA063;PC08"	0
"PrCa"	"PSME1"	"NP_006254"	"ISEIDAFIK"	"rs764546202"	"INDEL"	100	"0"	249	248	36	99	14	"PC012;PC02"	0
"PrCa"	"PTPN18"	"NP_001135842"	"GAPAGAGSGTQTGTGTGAR"	"rs112040677"	"INDEL"	94	"0"	353	351	271	99	76	"PCA054"	0
"PrCa"	"RECQL"	"NP_116559"	"VIMAQHFDEVWNSEACNK"	"rs750279410"	"INDEL"	123	"4"	649	648	455	99	70	"PC01"	0
"PrCa"	"RFT1"	"NP_443091"	"ITIIYQPPSSWPER"	"rs771070006"	"FRAMESHIFT"	84	"0"	541	87	56	16	10	"PC023;PCA063"	1
"PrCa"	"ROGDI"	"NP_078865"	"IQQIQVCQK"	"rs35741718"	"FRAMESHIFT"	101	"0"	287	140	115	48	40	"PC026"	1
"PrCa"	"RPL29"	"NP_000983"	"AQAAAPASVPAQAPK"	"rs761953149"	"INDEL"	127	"0"	159	151	128	94	80	"PCA060;PCA064;PCA055"	1
"PrCa"	"SDC1"	"NP_002988"	"DEGSYSIEEPK"	"rs773326748"	"INDEL"	89	"0"	310	309	281	99	90	"PC04;PC028;PC013"	0
"PrCa"	"SELENOO"	"NP_113642"	"NQGHWADWIQAYR"	"rs748792264"	"FRAMESHIFT"	126	"8"	669	666	538	99	80	"PC011;PC018;PC021;PC09"	0
"PrCa"	"SHMT1"	"NP_683718"	"ISATSIFFESMPYK"	"rs767305396"	"INDEL"	239	"3"	444	443	159	99	35	"PC027;PC01;PCA063;PCA064;PCA064;PC024;PCA057;PC021;PCA060;PC013;PC010;PCA061;PC017;PCA063;PC017;PCA062;PCA063;PCA055;PCA058;PC09;PCA062;PCA054;PC025;PCA057;PC01;PCA057;PC026;PCA054;PCA053;PCA062;PC010;PC026;PC05;PC017"	0
"PrCa"	"SLC12A2"	"NP_001243390"	"AAAAAAAAAGAGAGAK"	"rs759381412"	"INDEL"	103	"0"	1196	1190	102	99	8	"PCA058;PC01;PCA057"	0
"PrCa"	"SLIRP"	"NP_001254793"	"IPWTAASSQIK"	"rs752447326"	"INDEL"	82	"0"	92	91	25	98	27	"PC026"	0
"PrCa"	"SMG5"	"NP_056142"	"IQIEVSQIEAACSSPR"	"rs754744376"	"FRAMESHIFT"	61	"0"	1016	887	842	87	82	"PCA062;PCA057;PCA056;PCA058;PCA061"	1
"PrCa"	"SNRNP200"	"NP_054733"	"TGNFQVTEIGR"	"rs753495906"	"INDEL"	114	"0"	2136	2135	975	99	45	"PCA053"	0
"PrCa"	"SPRR2F"	"NP_001014450"	"SAISPAHHQSVHSPAHISSASR"	"rs759453666"	"FRAMESHIFT"	76	"0"	72	56	4	77	5	"PC04;PCA053;PC026;PCA062;PC016;PC01;PCA054;PC024;PC09;PC028;PC03;PC04;PC03;PC02;PC025"	1
"PrCa"	"SPTAN1"	"NP_001123910"	"HQAFEAEIHANADR"	"rs776244007"	"INDEL"	102	"0"	2477	2474	1596	99	64	"PC018;PC010;PC021;PC023;PCA063;PC027;PC025;PCA053"	0
"PrCa"	"TAGLN"	"NP_003177"	"YDEEIEER"	"rs757070112"	"INDEL"	123	"0"	201	200	21	99	10	"PC027"	0
"PrCa"	"THTPA"	"NP_077304"	"IVIIGADEEEPQIR"	"rs756047755"	"INDEL"	117	"0"	230	225	125	97	54	"PCA063;PCA061"	0
"PrCa"	"THUMPD1"	"NP_060206"	"FQSVESGANNVVFIR"	"rs757832045"	"INDEL"	123	"0"	353	352	116	99	32	"PC013"	0
"PrCa"	"TKT"	"NP_001244957"	"IIATPPQEDAPSVDIANIR"	"rs782784738"	"INDEL"	234	"2"	631	630	291	99	46	"PCA055;PCA063;PC028;PC025;PC010;PC03;PC08;PC01;PC09;PCA057"	0
"PrCa"	"TMEM71"	"NP_001138625"	"IEENMIESCIPR"	"rs768115797"	"FRAMESHIFT"	64	"0"	232	50	20	21	8	"PCA058"	1
"PrCa"	"TYMP"	"NP_001944"	"AIPIVIHEIGAGR"	"rs786205098"	"INDEL"	81	"0"	482	480	398	99	82	"PCA058;PCA058"	0
"PrCa"	"UBE3A"	"NP_570853"	"VFSSAEAIVQSFR"	"rs587784531"	"INDEL"	114	"0"	852	848	130	99	15	"PCA062;PC018;PCA058;PCA055"	0
"PrCa"	"USP36"	"NP_714941"	"IDQEIDFIISQQK"	"rs750978387"	"INDEL"	112	"0"	522	517	387	99	74	"PC03"	0
"PrCa"	"USP8"	"NP_001269978"	"QEAEENEITEK"	"rs748950855"	"INDEL"	124	"0"	1012	1011	429	99	42	"PC09;PC03"	0
"PrCa"	"YY1"	"NP_003394"	"SYISGGAGAAGGGGADPGNK"	"rs944424391"	"INDEL"	114	"1"	414	413	183	99	44	"PC07"	0
"PrCa"	"ZBTB21"	"NP_001307658"	"EEPVEAEEEAPEASTAPK"	"rs377515144"	"INDEL"	165	"1"	865	864	684	99	79	"PC03"	0
"PrCa"	"ZNF624"	"NP_065838"	"SPISVMSVEK"	"rs867778559"	"FRAMESHIFT"	68	"0"	865	794	651	91	75	"PC017"	1
"PrCa"	"ZNF670"	"NP_149990"	"IMVGITVEK"	"rs745350235"	"FRAMESHIFT"	67	"0"	389	345	301	88	77	"PC021;PC027"	1
